temperature,ratio,waterflow
63,1.8,7.275617001
63,2.0,7.438280189
63,2.2,7.534912423
63,2.4,7.690436621
65,1.8,7.636440598
65,2.0,7.905174525
65,2.2,8.309271271
65,2.4,8.539754601
68,1.8,7.686987472
68,2.0,8.206522568
68,2.2,8.646042531
68,2.4,9.097633869
70,1.8,8.016264434
70,2.0,8.526732828
70,2.2,8.941095031
70,2.4,9.262293678
73,1.8,8.380940244
73,2.0,8.99627014
73,2.2,9.356963644
73,2.4,9.893652289
