ratio,temperature,waterflow
1.8,60,2.7384832
1.8,65,2.5122816
1.8,70,2.0297984
1.8,73,1.7638912
2.0,60,2.5219072
2.0,65,2.400384
2.0,70,1.822848
2.0,73,1.5755904
2.2,55,2.8407552
2.2,60,2.3029248
2.2,65,2.2644224
2.2,70,1.6868864
2.2,73,1.2669696
2.4,55,2.4894208
2.4,60,2.2704384
2.4,65,2.0977792
2.4,70,1.4233856
2.4,73,0.79242752